symbol,timeframe,total_trades,winning_trades,losing_trades,win_rate,avg_win_pct,avg_loss_pct,total_pnl_pct,profit_factor,max_drawdown_pct
AUCTIONUSDT,30m,1,1,0,1.0,9.05488408955815,0.0,9.05488408955815,inf,0.0
ZECUSDT,15m,3,2,1,0.6666666666666666,4.447216220719415,-1.8274189486592782,7.0670134927795525,4.867210361348396,1.827418948659278
RVVUSDT,30m,1,1,0,1.0,6.1576248545697565,0.0,6.1576248545697565,inf,0.0
VIRTUALUSDT,30m,3,3,0,1.0,1.8548751987700276,0.0,5.564625596310083,inf,0.0
BANKUSDT,30m,2,2,0,1.0,2.6664730691247227,0.0,5.332946138249445,inf,0.0
APTUSDT,25m,1,1,0,1.0,4.612546125461264,0.0,4.612546125461264,inf,0.0
DASHUSDT,25m,1,1,0,1.0,4.265145340939974,0.0,4.265145340939974,inf,0.0
4USDT,30m,1,1,0,1.0,4.11812119879826,0.0,4.11812119879826,inf,0.0
FFUSDT,30m,1,1,0,1.0,4.065518141477412,0.0,4.065518141477412,inf,0.0
YBUSDT,30m,5,5,0,1.0,0.8070528363980495,0.0,4.0352641819902475,inf,0.0
HANAUSDT,15m,3,3,0,1.0,1.324056464198294,0.0,3.972169392594882,inf,0.0
RONINUSDT,15m,1,1,0,1.0,3.9343650941637156,0.0,3.9343650941637156,inf,0.0
ZEREBROUSDT,1h,1,1,0,1.0,3.6918668723826307,0.0,3.6918668723826307,inf,0.0
RONINUSDT,25m,1,1,0,1.0,3.6830357142857006,0.0,3.6830357142857006,inf,0.0
THEUSDT,25m,2,1,1,0.5,5.169776690119312,-1.7025538307461126,3.467222859373199,3.0364835441671487,0.0
ATHUSDT,1h,1,1,0,1.0,3.4600389863547756,0.0,3.4600389863547756,inf,0.0
MLNUSDT,15m,2,2,0,1.0,1.717036033660241,0.0,3.434072067320482,inf,0.0
SAPIENUSDT,15m,1,1,0,1.0,3.4186203097263843,0.0,3.4186203097263843,inf,0.0
KDAUSDT,1h,1,1,0,1.0,3.4012260233340044,0.0,3.4012260233340044,inf,0.0
VELVETUSDT,30m,1,1,0,1.0,3.3338799990628507,0.0,3.3338799990628507,inf,0.0
SAPIENUSDT,30m,1,1,0,1.0,3.2706552706552734,0.0,3.2706552706552734,inf,0.0
DASHUSDT,15m,2,2,0,1.0,1.6026695496509746,0.0,3.2053390993019493,inf,0.0
SQDUSDT,1h,3,3,0,1.0,1.0608626295205676,0.0,3.182587888561703,inf,0.0
IOTAUSDT,25m,2,2,0,1.0,1.5365616519209384,0.0,3.073123303841877,inf,0.0
ZENUSDT,1h,2,2,0,1.0,1.4814022068714339,0.0,2.9628044137428677,inf,0.0
MERLUSDT,1h,1,1,0,1.0,2.922406119400733,0.0,2.922406119400733,inf,0.0
NKNUSDT,1h,2,2,0,1.0,1.4527954943650685,0.0,2.905590988730137,inf,0.0
CATIUSDT,1h,3,3,0,1.0,0.937365778390923,0.0,2.812097335172769,inf,0.0
AGLDUSDT,1h,1,1,0,1.0,2.766798418972325,0.0,2.766798418972325,inf,0.0
ZBTUSDT,30m,1,1,0,1.0,2.7046013347383155,0.0,2.7046013347383155,inf,0.0
AIOTUSDT,30m,7,5,2,0.7142857142857143,0.6922966110876172,-0.42054235670748547,2.620398342023115,4.115498712827365,0.07854578096947692
BABYUSDT,1h,1,1,0,1.0,2.583926754832147,0.0,2.583926754832147,inf,0.0
ONUSDT,25m,1,1,0,1.0,2.525989825259895,0.0,2.525989825259895,inf,0.0
TAOUSDT,30m,3,3,0,1.0,0.8273642137345164,0.0,2.482092641203549,inf,0.0
4USDT,1h,1,1,0,1.0,2.431672025723469,0.0,2.431672025723469,inf,0.0
WUSDT,1h,2,2,0,1.0,1.211367584111978,0.0,2.422735168223956,inf,0.0
BROCCOLIF3BUSDT,30m,2,2,0,1.0,1.1646027241708974,0.0,2.3292054483417948,inf,0.0
MAGICUSDT,30m,1,1,0,1.0,2.3113528212100705,0.0,2.3113528212100705,inf,0.0
SPXUSDT,1h,1,1,0,1.0,2.3052438671510607,0.0,2.3052438671510607,inf,0.0
BBUSDT,30m,3,3,0,1.0,0.7635444058553245,0.0,2.2906332175659734,inf,0.0
ACXUSDT,15m,1,1,0,1.0,2.276385375948494,0.0,2.276385375948494,inf,0.0
THEUSDT,1h,2,2,0,1.0,1.1364963018889038,0.0,2.2729926037778077,inf,0.0
NFPUSDT,1h,1,1,0,1.0,2.2004889975550133,0.0,2.2004889975550133,inf,0.0
MUSDT,1h,1,1,0,1.0,2.1588262132891503,0.0,2.1588262132891503,inf,0.0
DASHUSDT,1h,1,1,0,1.0,2.1457239888854596,0.0,2.1457239888854596,inf,0.0
GRIFFAINUSDT,25m,1,1,0,1.0,2.1400778210116727,0.0,2.1400778210116727,inf,0.0
YALAUSDT,30m,3,3,0,1.0,0.7122366171077131,0.0,2.1367098513231393,inf,0.0
BROCCOLIF3BUSDT,1h,3,3,0,1.0,0.7047268976700644,0.0,2.114180693010193,inf,0.0
ZROUSDT,1h,1,1,0,1.0,2.03503877241209,0.0,2.03503877241209,inf,0.0
1000000BOBUSDT,1h,3,3,0,1.0,0.6664376986549773,0.0,1.999313095964932,inf,0.0
MILKUSDT,15m,2,2,0,1.0,0.987081107891709,0.0,1.974162215783418,inf,0.0
MAVIAUSDT,30m,1,1,0,1.0,1.9558359621451051,0.0,1.9558359621451051,inf,0.0
VICUSDT,1h,2,2,0,1.0,0.9645481100810289,0.0,1.9290962201620578,inf,0.0
MONUSDT,15m,2,2,0,1.0,0.9539906488277882,0.0,1.9079812976555763,inf,0.0
ERAUSDT,1h,1,1,0,1.0,1.9045923816304808,0.0,1.9045923816304808,inf,0.0
FLOCKUSDT,1h,1,1,0,1.0,1.8915510718789286,0.0,1.8915510718789286,inf,0.0
CHILLGUYUSDT,1h,1,1,0,1.0,1.8887908208296704,0.0,1.8887908208296704,inf,0.0
CROSSUSDT,15m,3,3,0,1.0,0.6099396775521803,0.0,1.8298190326565407,inf,0.0
WLFIUSDT,30m,1,1,0,1.0,1.8243243243243292,0.0,1.8243243243243292,inf,0.0
DOTUSDT,1h,2,2,0,1.0,0.9106623377190353,0.0,1.8213246754380705,inf,0.0
CELOUSDT,1h,1,1,0,1.0,1.8126888217522674,0.0,1.8126888217522674,inf,0.0
ALTUSDT,1h,3,2,1,0.6666666666666666,1.519278781620699,-1.2513407222023705,1.7872168410390274,2.4282415726817477,1.2513407222023705
AVAAIUSDT,25m,1,1,0,1.0,1.7824663514005123,0.0,1.7824663514005123,inf,0.0
DEEPUSDT,30m,1,1,0,1.0,1.7622855368371764,0.0,1.7622855368371764,inf,0.0
ROSEUSDT,15m,1,1,0,1.0,1.7456359102244352,0.0,1.7456359102244352,inf,0.0
SOMIUSDT,15m,1,1,0,1.0,1.69567827130852,0.0,1.69567827130852,inf,0.0
YFIUSDT,15m,4,4,0,1.0,0.41804899820660246,0.0,1.6721959928264098,inf,0.0
MIRAUSDT,1h,2,1,1,0.5,1.7522211253701865,-0.09003601440576073,1.6621851109644257,19.461335965778545,0.0
TRBUSDT,1h,1,1,0,1.0,1.6465338154958868,0.0,1.6465338154958868,inf,0.0
ENSUSDT,15m,1,1,0,1.0,1.6236567573927423,0.0,1.6236567573927423,inf,0.0
AIOUSDT,1h,1,1,0,1.0,1.6129032258064477,0.0,1.6129032258064477,inf,0.0
BSVUSDT,1h,1,1,0,1.0,1.6105769230769187,0.0,1.6105769230769187,inf,0.0
BSVUSDT,45m,1,1,0,1.0,1.6105769230769187,0.0,1.6105769230769187,inf,0.0
HIGHUSDT,1h,2,2,0,1.0,0.7969581013506902,0.0,1.5939162027013805,inf,0.0
ACEUSDT,15m,2,2,0,1.0,0.7951266592045468,0.0,1.5902533184090937,inf,0.0
HYPERUSDT,15m,2,2,0,1.0,0.7909747212553855,0.0,1.581949442510771,inf,0.0
KASUSDT,15m,2,2,0,1.0,0.7830626029337611,0.0,1.5661252058675221,inf,0.0
XLMUSDT,15m,4,4,0,1.0,0.38921082957878866,0.0,1.5568433183151547,inf,0.0
BRUSDT,1h,1,1,0,1.0,1.5516672169032681,0.0,1.5516672169032681,inf,0.0
MINAUSDT,1h,1,1,0,1.0,1.5261627906976778,0.0,1.5261627906976778,inf,0.0
TAOUSDT,15m,1,1,0,1.0,1.5244737825382855,0.0,1.5244737825382855,inf,0.0
MYXUSDT,15m,1,1,0,1.0,1.5189873417721533,0.0,1.5189873417721533,inf,0.0
SEIUSDT,30m,2,2,0,1.0,0.75515366540655,0.0,1.5103073308131,inf,0.0
XAIUSDT,1h,2,2,0,1.0,0.7542560975595707,0.0,1.5085121951191414,inf,0.0
ARIAUSDT,1h,1,1,0,1.0,1.4877362283875966,0.0,1.4877362283875966,inf,0.0
BABYUSDT,30m,2,2,0,1.0,0.7364632134401319,0.0,1.4729264268802638,inf,0.0
DIAUSDT,15m,2,2,0,1.0,0.7340346366612869,0.0,1.4680692733225738,inf,0.0
MTLUSDT,15m,1,1,0,1.0,1.4496344938669226,0.0,1.4496344938669226,inf,0.0
SUIUSDT,15m,2,2,0,1.0,0.7242328742527266,0.0,1.4484657485054533,inf,0.0
OMUSDT,45m,1,1,0,1.0,1.4278046162104259,0.0,1.4278046162104259,inf,0.0
BANANAS31USDT,30m,2,2,0,1.0,0.7074789143382513,0.0,1.4149578286765025,inf,0.0
PUMPUSDT,30m,1,1,0,1.0,1.412818745692624,0.0,1.412818745692624,inf,0.0
QUSDT,30m,1,1,0,1.0,1.3900756835937427,0.0,1.3900756835937427,inf,0.0
AIOUSDT,30m,1,1,0,1.0,1.389129056429771,0.0,1.389129056429771,inf,0.0
XMRUSDT,1h,1,1,0,1.0,1.3886692183595313,0.0,1.3886692183595313,inf,0.0
BERAUSDT,15m,1,1,0,1.0,1.3866231647634568,0.0,1.3866231647634568,inf,0.0
METUSDT,15m,2,2,0,1.0,0.6862248930065225,0.0,1.372449786013045,inf,0.0
DOODUSDT,1h,1,1,0,1.0,1.3694721825962934,0.0,1.3694721825962934,inf,0.0
JOEUSDT,30m,1,1,0,1.0,1.3653981677237577,0.0,1.3653981677237577,inf,0.0
CAKEUSDT,30m,3,3,0,1.0,0.45270963249510415,0.0,1.3581288974853125,inf,0.0
A2ZUSDT,1h,1,1,0,1.0,1.3428900972153563,0.0,1.3428900972153563,inf,0.0
BEAMXUSDT,30m,3,3,0,1.0,0.436838774697006,0.0,1.310516324091018,inf,0.0
MUSDT,30m,1,1,0,1.0,1.2852900766741975,0.0,1.2852900766741975,inf,0.0
EGLDUSDT,30m,1,1,0,1.0,1.2658227848101142,0.0,1.2658227848101142,inf,0.0
TACUSDT,25m,1,1,0,1.0,1.254705144291095,0.0,1.254705144291095,inf,0.0
RAYSOLUSDT,30m,1,1,0,1.0,1.251970143039807,0.0,1.251970143039807,inf,0.0
RENDERUSDT,45m,1,1,0,1.0,1.234567901234569,0.0,1.234567901234569,inf,0.0
DRIFTUSDT,1h,1,1,0,1.0,1.232519554396779,0.0,1.232519554396779,inf,0.0
LIGHTUSDT,45m,1,1,0,1.0,1.2220646816555265,0.0,1.2220646816555265,inf,0.0
SIGNUSDT,1h,1,1,0,1.0,1.2202656780970236,0.0,1.2202656780970236,inf,0.0
MBOXUSDT,30m,3,3,0,1.0,0.4056493249291641,0.0,1.2169479747874923,inf,0.0
RENDERUSDT,30m,1,1,0,1.0,1.2159814707585355,0.0,1.2159814707585355,inf,0.0
ARUSDT,30m,1,1,0,1.0,1.2099289010852103,0.0,1.2099289010852103,inf,0.0
FLUIDUSDT,1h,1,1,0,1.0,1.178867704846462,0.0,1.178867704846462,inf,0.0
CHZUSDT,30m,2,2,0,1.0,0.5892810024609205,0.0,1.178562004921841,inf,0.0
DFUSDT,1h,2,2,0,1.0,0.5882032780766935,0.0,1.176406556153387,inf,0.0
DYMUSDT,30m,1,1,0,1.0,1.1661807580174992,0.0,1.1661807580174992,inf,0.0
CUDISUSDT,1h,2,2,0,1.0,0.5771023949439149,0.0,1.1542047898878298,inf,0.0
ONUSDT,30m,2,2,0,1.0,0.5767864582403543,0.0,1.1535729164807087,inf,0.0
RAREUSDT,1h,2,2,0,1.0,0.5756965320879889,0.0,1.1513930641759778,inf,0.0
ZEREBROUSDT,30m,2,2,0,1.0,0.5749662138493535,0.0,1.149932427698707,inf,0.0
BCHUSDT,30m,2,2,0,1.0,0.5541108991733209,0.0,1.1082217983466418,inf,0.0
QUICKUSDT,25m,1,1,0,1.0,1.08661906240299,0.0,1.08661906240299,inf,0.0
ADAUSDT,15m,1,1,0,1.0,1.0776457584968262,0.0,1.0776457584968262,inf,0.0
LIGHTUSDT,15m,1,1,0,1.0,1.071615263983282,0.0,1.071615263983282,inf,0.0
BMTUSDT,30m,1,1,0,1.0,1.0670378102528304,0.0,1.0670378102528304,inf,0.0
1000RATSUSDT,15m,1,1,0,1.0,1.0594467333725903,0.0,1.0594467333725903,inf,0.0
HEIUSDT,45m,1,1,0,1.0,1.0476190476190512,0.0,1.0476190476190512,inf,0.0
ZENUSDT,15m,2,2,0,1.0,0.521941831994208,0.0,1.043883663988416,inf,0.0
HUSDT,30m,1,1,0,1.0,1.0415394013439292,0.0,1.0415394013439292,inf,0.0
OXTUSDT,1h,1,1,0,1.0,1.0354041416165667,0.0,1.0354041416165667,inf,0.0
INITUSDT,30m,1,1,0,1.0,1.0315186246418395,0.0,1.0315186246418395,inf,0.0
HIGHUSDT,15m,2,2,0,1.0,0.5060020414275265,0.0,1.012004082855053,inf,0.0
币安人生USDT,15m,1,1,0,1.0,1.0068353962682437,0.0,1.0068353962682437,inf,0.0
HIGHUSDT,30m,1,1,0,1.0,1.0029316463508813,0.0,1.0029316463508813,inf,0.0
VELODROMEUSDT,1h,1,1,0,1.0,0.9990009990010016,0.0,0.9990009990010016,inf,0.0
SPELLUSDT,30m,2,2,0,1.0,0.49034019999740464,0.0,0.9806803999948093,inf,0.0
RAYSOLUSDT,25m,1,1,0,1.0,0.9741003896401588,0.0,0.9741003896401588,inf,0.0
MOVRUSDT,30m,1,1,0,1.0,0.9647152107836711,0.0,0.9647152107836711,inf,0.0
ZKJUSDT,1h,1,1,0,1.0,0.9646302250803855,0.0,0.9646302250803855,inf,0.0
AGLDUSDT,30m,1,1,0,1.0,0.9597440682484649,0.0,0.9597440682484649,inf,0.0
OMUSDT,15m,3,3,0,1.0,0.31459102645320813,0.0,0.9437730793596244,inf,0.0
MONUSDT,25m,1,1,0,1.0,0.9407337723424294,0.0,0.9407337723424294,inf,0.0
GLMUSDT,1h,1,1,0,1.0,0.9330303435369584,0.0,0.9330303435369584,inf,0.0
HEIUSDT,1h,2,1,1,0.5,1.0476190476190512,-0.12024048096192173,0.9273785666571295,8.712698412698597,0.0
GPSUSDT,15m,1,1,0,1.0,0.9269086535059854,0.0,0.9269086535059854,inf,0.0
BANANAUSDT,45m,1,1,0,1.0,0.924065889915634,0.0,0.924065889915634,inf,0.0
SOLUSDT,1h,1,1,0,1.0,0.9234601838330065,0.0,0.9234601838330065,inf,0.0
SONICUSDT,15m,1,1,0,1.0,0.9142359599477538,0.0,0.9142359599477538,inf,0.0
SYRUPUSDT,15m,4,3,1,0.75,0.7874546223626373,-1.4527150383391487,0.9096488287487633,1.6261715510212802,1.4527150383391487
GRIFFAINUSDT,30m,2,2,0,1.0,0.454582377028946,0.0,0.909164754057892,inf,0.0
CFXUSDT,25m,1,1,0,1.0,0.8958088941025846,0.0,0.8958088941025846,inf,0.0
REIUSDT,1h,1,1,0,1.0,0.8952254641909854,0.0,0.8952254641909854,inf,0.0
AEVOUSDT,15m,2,2,0,1.0,0.4471649877426433,0.0,0.8943299754852866,inf,0.0
MASKUSDT,15m,1,1,0,1.0,0.8875542208875453,0.0,0.8875542208875453,inf,0.0
DOGEUSDT,1h,3,3,0,1.0,0.2941338924598225,0.0,0.8824016773794676,inf,0.0
BULLAUSDT,1h,1,1,0,1.0,0.8792834250965467,0.0,0.8792834250965467,inf,0.0
ETHWUSDT,1h,1,1,0,1.0,0.8789262110785522,0.0,0.8789262110785522,inf,0.0
ZEREBROUSDT,15m,2,2,0,1.0,0.43623047603729725,0.0,0.8724609520745945,inf,0.0
AGTUSDT,30m,1,1,0,1.0,0.8577878103837435,0.0,0.8577878103837435,inf,0.0
KAITOUSDT,25m,2,2,0,1.0,0.42859057526955385,0.0,0.8571811505391077,inf,0.0
CKBUSDT,15m,2,2,0,1.0,0.42751440005588925,0.0,0.8550288001117785,inf,0.0
GPSUSDT,25m,1,1,0,1.0,0.8545617319117701,0.0,0.8545617319117701,inf,0.0
SUPERUSDT,30m,3,3,0,1.0,0.2833977804085345,0.0,0.8501933412256036,inf,0.0
TURBOUSDT,30m,4,4,0,1.0,0.21170937307253046,0.0,0.8468374922901218,inf,0.0
LISTAUSDT,1h,1,1,0,1.0,0.8350730688935233,0.0,0.8350730688935233,inf,0.0
SUSHIUSDT,1h,2,2,0,1.0,0.4147889831086874,0.0,0.8295779662173748,inf,0.0
STORJUSDT,1h,1,1,0,1.0,0.8230452674897069,0.0,0.8230452674897069,inf,0.0
STORJUSDT,45m,1,1,0,1.0,0.8230452674897069,0.0,0.8230452674897069,inf,0.0
ALPINEUSDT,15m,1,1,0,1.0,0.8216981762308904,0.0,0.8216981762308904,inf,0.0
GRASSUSDT,1h,1,1,0,1.0,0.8189398451459209,0.0,0.8189398451459209,inf,0.0
COMMONUSDT,15m,2,2,0,1.0,0.4013653417720103,0.0,0.8027306835440206,inf,0.0
ASTERUSDT,15m,2,2,0,1.0,0.400616506830133,0.0,0.801233013660266,inf,0.0
KGENUSDT,45m,1,1,0,1.0,0.799463585723135,0.0,0.799463585723135,inf,0.0
TREEUSDT,30m,1,1,0,1.0,0.7830626450116033,0.0,0.7830626450116033,inf,0.0
OLUSDT,1h,1,1,0,1.0,0.7815892314372541,0.0,0.7815892314372541,inf,0.0
ZENUSDT,30m,1,1,0,1.0,0.778425070309358,0.0,0.778425070309358,inf,0.0
COMMONUSDT,25m,1,1,0,1.0,0.7778864970645765,0.0,0.7778864970645765,inf,0.0
BELUSDT,1h,1,1,0,1.0,0.7761966364812402,0.0,0.7761966364812402,inf,0.0
HUSDT,1h,1,1,0,1.0,0.7696536558548612,0.0,0.7696536558548612,inf,0.0
ATHUSDT,30m,1,1,0,1.0,0.7653061224489779,0.0,0.7653061224489779,inf,0.0
NILUSDT,30m,1,1,0,1.0,0.7641470466749295,0.0,0.7641470466749295,inf,0.0
TOSHIUSDT,30m,1,1,0,1.0,0.7577826324412889,0.0,0.7577826324412889,inf,0.0
NEWTUSDT,30m,1,1,0,1.0,0.7554945054944985,0.0,0.7554945054944985,inf,0.0
GIGGLEUSDT,1h,1,1,0,1.0,0.7549361207897782,0.0,0.7549361207897782,inf,0.0
ENSOUSDT,1h,1,1,0,1.0,0.7503410641200552,0.0,0.7503410641200552,inf,0.0
DASHUSDT,30m,1,1,0,1.0,0.7490205116386248,0.0,0.7490205116386248,inf,0.0
TONUSDT,25m,2,2,0,1.0,0.3719101546861239,0.0,0.7438203093722477,inf,0.0
PONKEUSDT,25m,1,1,0,1.0,0.7426823940585409,0.0,0.7426823940585409,inf,0.0
ARKUSDT,25m,1,1,0,1.0,0.7414448669201548,0.0,0.7414448669201548,inf,0.0
PLAYUSDT,30m,2,1,1,0.5,1.498127340823966,-0.7601935038009605,0.7379338370230054,1.9707184201566352,0.0
GPSUSDT,1h,2,1,1,0.5,0.7961783439490466,-0.05841121495326865,0.737767128995778,13.630573248408234,0.05841121495326862
BROCCOLI714USDT,1h,1,1,0,1.0,0.7290400972053482,0.0,0.7290400972053482,inf,0.0
RVNUSDT,25m,1,1,0,1.0,0.7202216066482086,0.0,0.7202216066482086,inf,0.0
BDXNUSDT,30m,1,1,0,1.0,0.7199062447681113,0.0,0.7199062447681113,inf,0.0
IOUSDT,30m,1,1,0,1.0,0.7149602050452019,0.0,0.7149602050452019,inf,0.0
XAIUSDT,30m,1,1,0,1.0,0.713046829832342,0.0,0.713046829832342,inf,0.0
PONKEUSDT,1h,1,1,0,1.0,0.7111901322369171,0.0,0.7111901322369171,inf,0.0
ILVUSDT,15m,1,1,0,1.0,0.709353126321228,0.0,0.709353126321228,inf,0.0
GMXUSDT,25m,1,1,0,1.0,0.7080283211328473,0.0,0.7080283211328473,inf,0.0
EDUUSDT,1h,1,1,0,1.0,0.7072135785007079,0.0,0.7072135785007079,inf,0.0
AINUSDT,30m,1,1,0,1.0,0.704007426891532,0.0,0.704007426891532,inf,0.0
NKNUSDT,15m,1,1,0,1.0,0.7027027027026929,0.0,0.7027027027026929,inf,0.0
SSVUSDT,30m,2,2,0,1.0,0.3502857116439051,0.0,0.7005714232878102,inf,0.0
MANTAUSDT,1h,1,1,0,1.0,0.6971556051310659,0.0,0.6971556051310659,inf,0.0
MOCAUSDT,1h,1,1,0,1.0,0.6947087933003373,0.0,0.6947087933003373,inf,0.0
UMAUSDT,1h,2,2,0,1.0,0.3459432553509189,0.0,0.6918865107018378,inf,0.0
TRADOORUSDT,15m,1,1,0,1.0,0.6899950714637759,0.0,0.6899950714637759,inf,0.0
BBUSDT,15m,1,1,0,1.0,0.6832168561593854,0.0,0.6832168561593854,inf,0.0
FORMUSDT,1h,1,1,0,1.0,0.6725829051844917,0.0,0.6725829051844917,inf,0.0
BEAMXUSDT,25m,1,1,0,1.0,0.6669960474308221,0.0,0.6669960474308221,inf,0.0
LQTYUSDT,30m,4,2,2,0.5,2.309129504398615,-1.979281676751235,0.6596956552947595,1.166650270914844,3.0913442361388257
ASTERUSDT,30m,2,2,0,1.0,0.32870792544913396,0.0,0.6574158508982679,inf,0.0
YFIUSDT,25m,2,2,0,1.0,0.3203006690431228,0.0,0.6406013380862456,inf,0.0
JUPUSDT,15m,2,2,0,1.0,0.3188739978113812,0.0,0.6377479956227624,inf,0.0
ORCAUSDT,1h,1,1,0,1.0,0.6373937677053753,0.0,0.6373937677053753,inf,0.0
AGLDUSDT,25m,1,1,0,1.0,0.6373486297004466,0.0,0.6373486297004466,inf,0.0
1INCHUSDT,15m,2,2,0,1.0,0.3168570600071765,0.0,0.633714120014353,inf,0.0
LINKUSDT,15m,3,3,0,1.0,0.2099569847335658,0.0,0.6298709542006974,inf,0.0
GASUSDT,1h,2,2,0,1.0,0.3097446778927426,0.0,0.6194893557854853,inf,0.0
EIGENUSDT,15m,2,2,0,1.0,0.30951260169245554,0.0,0.6190252033849111,inf,0.0
INUSDT,45m,1,1,0,1.0,0.6141947224749791,0.0,0.6141947224749791,inf,0.0
MOVRUSDT,1h,1,1,0,1.0,0.6112774451097795,0.0,0.6112774451097795,inf,0.0
DOGEUSDT,25m,1,1,0,1.0,0.6099242958286056,0.0,0.6099242958286056,inf,0.0
LINEAUSDT,1h,1,1,0,1.0,0.6093189964157707,0.0,0.6093189964157707,inf,0.0
LRCUSDT,25m,1,1,0,1.0,0.606447494414308,0.0,0.606447494414308,inf,0.0
MANAUSDT,1h,1,1,0,1.0,0.5967336683417125,0.0,0.5967336683417125,inf,0.0
INUSDT,30m,1,1,0,1.0,0.5922962265631173,0.0,0.5922962265631173,inf,0.0
DRIFTUSDT,15m,1,1,0,1.0,0.5882352941176475,0.0,0.5882352941176475,inf,0.0
SOLUSDT,15m,2,2,0,1.0,0.2939068849582066,0.0,0.5878137699164132,inf,0.0
ALCHUSDT,15m,1,1,0,1.0,0.5852076429528486,0.0,0.5852076429528486,inf,0.0
OPENUSDT,1h,1,1,0,1.0,0.5837711617046123,0.0,0.5837711617046123,inf,0.0
BICOUSDT,15m,1,1,0,1.0,0.5803349361631563,0.0,0.5803349361631563,inf,0.0
ONTUSDT,1h,1,1,0,1.0,0.5789473684210545,0.0,0.5789473684210545,inf,0.0
DOODUSDT,30m,1,1,0,1.0,0.5783099741461424,0.0,0.5783099741461424,inf,0.0
PENGUUSDT,30m,1,1,0,1.0,0.5746007012076356,0.0,0.5746007012076356,inf,0.0
REDUSDT,1h,1,1,0,1.0,0.5718270571827047,0.0,0.5718270571827047,inf,0.0
EPTUSDT,30m,1,1,0,1.0,0.5705705705705681,0.0,0.5705705705705681,inf,0.0
AIUSDT,15m,1,1,0,1.0,0.5693997856377302,0.0,0.5693997856377302,inf,0.0
SFPUSDT,30m,1,1,0,1.0,0.557063276674747,0.0,0.557063276674747,inf,0.0
SFPUSDT,15m,1,1,0,1.0,0.557063276674747,0.0,0.557063276674747,inf,0.0
SQDUSDT,25m,1,1,0,1.0,0.5546425636811868,0.0,0.5546425636811868,inf,0.0
OBOLUSDT,1h,1,1,0,1.0,0.5503768345894486,0.0,0.5503768345894486,inf,0.0
ICXUSDT,25m,2,2,0,1.0,0.27500908182726197,0.0,0.5500181636545239,inf,0.0
APEUSDT,25m,1,1,0,1.0,0.5383961462170622,0.0,0.5383961462170622,inf,0.0
KAITOUSDT,15m,2,2,0,1.0,0.26917315791992913,0.0,0.5383463158398583,inf,0.0
CATIUSDT,15m,5,4,1,0.8,0.4027907443803188,-1.0755458234043955,0.5356171541168797,1.4979956617947765,1.0755458234043955
PIXELUSDT,1h,1,1,0,1.0,0.5351170568561887,0.0,0.5351170568561887,inf,0.0
EIGENUSDT,25m,1,1,0,1.0,0.534135559921417,0.0,0.534135559921417,inf,0.0
ZECUSDT,30m,1,1,0,1.0,0.5266780381243052,0.0,0.5266780381243052,inf,0.0
WLDUSDT,1h,2,2,0,1.0,0.26102876606232106,0.0,0.5220575321246421,inf,0.0
AXLUSDT,1h,1,1,0,1.0,0.5208333333333269,0.0,0.5208333333333269,inf,0.0
MASKUSDT,25m,1,1,0,1.0,0.5135829166103562,0.0,0.5135829166103562,inf,0.0
ASRUSDT,1h,2,2,0,1.0,0.25639872311038375,0.0,0.5127974462207675,inf,0.0
MOVEUSDT,1h,1,1,0,1.0,0.506912442396315,0.0,0.506912442396315,inf,0.0
THETAUSDT,1h,1,1,0,1.0,0.5039899202015928,0.0,0.5039899202015928,inf,0.0
CUSDT,30m,1,1,0,1.0,0.5016123253314269,0.0,0.5016123253314269,inf,0.0
SYNUSDT,1h,1,1,0,1.0,0.5013673655423836,0.0,0.5013673655423836,inf,0.0
BERAUSDT,30m,1,1,0,1.0,0.49833887043189407,0.0,0.49833887043189407,inf,0.0
IOSTUSDT,1h,1,1,0,1.0,0.49751243781094656,0.0,0.49751243781094656,inf,0.0
POWRUSDT,25m,1,1,0,1.0,0.4939626783754106,0.0,0.4939626783754106,inf,0.0
PARTIUSDT,1h,2,2,0,1.0,0.24467229821541725,0.0,0.4893445964308345,inf,0.0
TAIKOUSDT,1h,2,2,0,1.0,0.2430157669128291,0.0,0.4860315338256582,inf,0.0
XMRUSDT,30m,1,1,0,1.0,0.48535835625301516,0.0,0.48535835625301516,inf,0.0
TWTUSDT,30m,1,1,0,1.0,0.48172503440891196,0.0,0.48172503440891196,inf,0.0
NFPUSDT,15m,1,1,0,1.0,0.4796768492804827,0.0,0.4796768492804827,inf,0.0
AUCTIONUSDT,15m,1,1,0,1.0,0.479299805501534,0.0,0.479299805501534,inf,0.0
KSMUSDT,1h,1,1,0,1.0,0.47837913891755146,0.0,0.47837913891755146,inf,0.0
LSKUSDT,45m,2,2,0,1.0,0.23873400711635714,0.0,0.4774680142327143,inf,0.0
UMAUSDT,30m,2,2,0,1.0,0.2370145198217522,0.0,0.4740290396435044,inf,0.0
USTCUSDT,1h,1,1,0,1.0,0.473911843194997,0.0,0.473911843194997,inf,0.0
LTCUSDT,25m,1,1,0,1.0,0.4735409020954168,0.0,0.4735409020954168,inf,0.0
MEUSDT,30m,1,1,0,1.0,0.47294324681038563,0.0,0.47294324681038563,inf,0.0
MEUSDT,1h,1,1,0,1.0,0.47294324681038563,0.0,0.47294324681038563,inf,0.0
PUFFERUSDT,15m,1,1,0,1.0,0.4710851202079249,0.0,0.4710851202079249,inf,0.0
MUBARAKUSDT,15m,1,1,0,1.0,0.47078371642205336,0.0,0.47078371642205336,inf,0.0
MILKUSDT,25m,2,2,0,1.0,0.2349200258414733,0.0,0.4698400516829466,inf,0.0
AINUSDT,1h,1,1,0,1.0,0.46732091594899006,0.0,0.46732091594899006,inf,0.0
GUNUSDT,25m,1,1,0,1.0,0.4657351962741225,0.0,0.4657351962741225,inf,0.0
CVXUSDT,25m,1,1,0,1.0,0.4653327128897165,0.0,0.4653327128897165,inf,0.0
GRIFFAINUSDT,1h,2,1,1,0.5,1.8764302059496596,-1.4125200642054556,0.463910141744204,1.3284272935302721,0.0
ETHUSDT,15m,3,2,1,0.6666666666666666,0.3341444825371604,-0.20761994016507268,0.4606690249092481,3.2188091593850925,0.0
CGPTUSDT,25m,1,1,0,1.0,0.45213939126599106,0.0,0.45213939126599106,inf,0.0
ZKCUSDT,15m,1,1,0,1.0,0.45112781954887116,0.0,0.45112781954887116,inf,0.0
AXSUSDT,15m,1,1,0,1.0,0.44733631557544207,0.0,0.44733631557544207,inf,0.0
MOODENGUSDT,15m,2,2,0,1.0,0.2229879543268874,0.0,0.4459759086537748,inf,0.0
STXUSDT,15m,1,1,0,1.0,0.44487194902008376,0.0,0.44487194902008376,inf,0.0
OPENUSDT,30m,1,1,0,1.0,0.4416488222698107,0.0,0.4416488222698107,inf,0.0
A2ZUSDT,25m,1,1,0,1.0,0.4406499586890651,0.0,0.4406499586890651,inf,0.0
SUSDT,45m,1,1,0,1.0,0.4389465283319992,0.0,0.4389465283319992,inf,0.0
OMUSDT,1h,1,1,0,1.0,0.4282784413077502,0.0,0.4282784413077502,inf,0.0
AIOUSDT,15m,1,1,0,1.0,0.42617120431690036,0.0,0.42617120431690036,inf,0.0
DOTUSDT,15m,1,1,0,1.0,0.4229142637447182,0.0,0.4229142637447182,inf,0.0
WUSDT,15m,2,2,0,1.0,0.21047523276349286,0.0,0.42095046552698573,inf,0.0
STOUSDT,25m,1,1,0,1.0,0.41998296572587807,0.0,0.41998296572587807,inf,0.0
VANAUSDT,30m,1,1,0,1.0,0.4192073170731754,0.0,0.4192073170731754,inf,0.0
GOATUSDT,30m,1,1,0,1.0,0.4174757281553396,0.0,0.4174757281553396,inf,0.0
AXLUSDT,30m,1,1,0,1.0,0.41469194312796576,0.0,0.41469194312796576,inf,0.0
AAVEUSDT,25m,1,1,0,1.0,0.4132856206844379,0.0,0.4132856206844379,inf,0.0
SOPHUSDT,30m,1,1,0,1.0,0.41287529562672437,0.0,0.41287529562672437,inf,0.0
MILKUSDT,30m,2,1,1,0.5,0.7005253940455359,-0.2880533656761609,0.412472028369375,2.4319292100655048,0.0
DMCUSDT,30m,2,1,1,0.5,0.543232231779089,-0.13398838767306676,0.4092438441060222,4.054323223177982,0.13398838767306676
BANANAUSDT,30m,2,2,0,1.0,0.20366122098137335,0.0,0.4073224419627467,inf,0.0
IOSTUSDT,30m,3,3,0,1.0,0.13432204776978413,0.0,0.4029661433093524,inf,0.0
LQTYUSDT,25m,1,1,0,1.0,0.399467376830901,0.0,0.399467376830901,inf,0.0
AUCTIONUSDT,1h,1,1,0,1.0,0.39940659591464267,0.0,0.39940659591464267,inf,0.0
BTCUSDT,25m,1,1,0,1.0,0.39788087663661126,0.0,0.39788087663661126,inf,0.0
ZRCUSDT,1h,1,1,0,1.0,0.3966286564204274,0.0,0.3966286564204274,inf,0.0
KNCUSDT,25m,1,1,0,1.0,0.39554117224019775,0.0,0.39554117224019775,inf,0.0
COMPUSDT,15m,1,1,0,1.0,0.3951367781154985,0.0,0.3951367781154985,inf,0.0
IPUSDT,30m,1,1,0,1.0,0.39026203307935153,0.0,0.39026203307935153,inf,0.0
MORPHOUSDT,1h,1,1,0,1.0,0.3883997928534413,0.0,0.3883997928534413,inf,0.0
BUSDT,1h,2,2,0,1.0,0.19198652525800525,0.0,0.3839730505160105,inf,0.0
GOATUSDT,1h,1,1,0,1.0,0.37996760931854956,0.0,0.37996760931854956,inf,0.0
RAYSOLUSDT,15m,1,1,0,1.0,0.37927634074186484,0.0,0.37927634074186484,inf,0.0
CFXUSDT,15m,1,1,0,1.0,0.37844554902847033,0.0,0.37844554902847033,inf,0.0
ONEUSDT,1h,1,1,0,1.0,0.3776435045317198,0.0,0.3776435045317198,inf,0.0
FILUSDT,1h,1,1,0,1.0,0.37735849056603804,0.0,0.37735849056603804,inf,0.0
MYXUSDT,30m,1,1,0,1.0,0.37658336186238006,0.0,0.37658336186238006,inf,0.0
KASUSDT,30m,1,1,0,1.0,0.37637521713954974,0.0,0.37637521713954974,inf,0.0
UMAUSDT,25m,1,1,0,1.0,0.36803364879074696,0.0,0.36803364879074696,inf,0.0
IOTXUSDT,15m,2,2,0,1.0,0.18073220396806094,0.0,0.3614644079361219,inf,0.0
POLYXUSDT,45m,1,1,0,1.0,0.35877768155387674,0.0,0.35877768155387674,inf,0.0
BICOUSDT,30m,1,1,0,1.0,0.35471930906846716,0.0,0.35471930906846716,inf,0.0
MANAUSDT,15m,1,1,0,1.0,0.35435861091424553,0.0,0.35435861091424553,inf,0.0
ZROUSDT,15m,2,2,0,1.0,0.1751856693205329,0.0,0.3503713386410658,inf,0.0
SXPUSDT,1h,1,1,0,1.0,0.3461918892185985,0.0,0.3461918892185985,inf,0.0
SXPUSDT,45m,1,1,0,1.0,0.3461918892185985,0.0,0.3461918892185985,inf,0.0
ZROUSDT,30m,2,1,1,0.5,0.4819926353920374,-0.13734658094681906,0.34464605444521834,3.5093165921521274,0.0
FFUSDT,15m,1,1,0,1.0,0.3408140955565486,0.0,0.3408140955565486,inf,0.0
MAVIAUSDT,25m,1,1,0,1.0,0.33852061438965436,0.0,0.33852061438965436,inf,0.0
GRTUSDT,25m,1,1,0,1.0,0.33802302210853485,0.0,0.33802302210853485,inf,0.0
VETUSDT,25m,1,1,0,1.0,0.33655567490154076,0.0,0.33655567490154076,inf,0.0
JOEUSDT,25m,1,1,0,1.0,0.3333691794816623,0.0,0.3333691794816623,inf,0.0
VFYUSDT,15m,1,1,0,1.0,0.33151613378518197,0.0,0.33151613378518197,inf,0.0
SANDUSDT,1h,1,1,0,1.0,0.33088105881938695,0.0,0.33088105881938695,inf,0.0
LTCUSDT,30m,2,2,0,1.0,0.16542025366769456,0.0,0.3308405073353891,inf,0.0
HAEDALUSDT,1h,1,1,0,1.0,0.3283986655546245,0.0,0.3283986655546245,inf,0.0
COWUSDT,45m,1,1,0,1.0,0.3271028037383206,0.0,0.3271028037383206,inf,0.0
IDUSDT,1h,1,1,0,1.0,0.3223836025519229,0.0,0.3223836025519229,inf,0.0
1000LUNCUSDT,30m,1,1,0,1.0,0.31652989449003444,0.0,0.31652989449003444,inf,0.0
LAUSDT,30m,2,1,1,0.5,1.6306844281120798,-1.3142174432497025,0.31646698486237734,1.2408026057543724,1.3142174432497025
XRPUSDT,25m,1,1,0,1.0,0.3075531433740452,0.0,0.3075531433740452,inf,0.0
AWEUSDT,25m,2,2,0,1.0,0.152408534939313,0.0,0.304817069878626,inf,0.0
HEIUSDT,15m,2,1,1,0.5,0.44833475661827304,-0.146321070234115,0.30201368638415804,3.064047822373999,0.146321070234115
IMXUSDT,1h,2,2,0,1.0,0.14925238443887803,0.0,0.29850476887775607,inf,0.0
ENSOUSDT,30m,1,1,0,1.0,0.29794149512459694,0.0,0.29794149512459694,inf,0.0
ERAUSDT,30m,1,1,0,1.0,0.29695619896066183,0.0,0.29695619896066183,inf,0.0
FORTHUSDT,1h,1,1,0,1.0,0.29400955531054784,0.0,0.29400955531054784,inf,0.0
WAXPUSDT,1h,1,1,0,1.0,0.2890173410404607,0.0,0.2890173410404607,inf,0.0
VANAUSDT,15m,1,1,0,1.0,0.2850017812611331,0.0,0.2850017812611331,inf,0.0
ACEUSDT,25m,1,1,0,1.0,0.2801120448179296,0.0,0.2801120448179296,inf,0.0
STRKUSDT,1h,1,1,0,1.0,0.27881040892193465,0.0,0.27881040892193465,inf,0.0
JUPUSDT,25m,1,1,0,1.0,0.27322404371584724,0.0,0.27322404371584724,inf,0.0
ONDOUSDT,25m,1,1,0,1.0,0.2694653240675021,0.0,0.2694653240675021,inf,0.0
JTOUSDT,25m,1,1,0,1.0,0.2690927729369542,0.0,0.2690927729369542,inf,0.0
AWEUSDT,1h,1,1,0,1.0,0.2687140115163172,0.0,0.2687140115163172,inf,0.0
POLUSDT,25m,1,1,0,1.0,0.2678027997565404,0.0,0.2678027997565404,inf,0.0
HOOKUSDT,30m,1,1,0,1.0,0.2645914396887214,0.0,0.2645914396887214,inf,0.0
1000XECUSDT,15m,1,1,0,1.0,0.26375282592313065,0.0,0.26375282592313065,inf,0.0
RLCUSDT,1h,1,1,0,1.0,0.261371973587676,0.0,0.261371973587676,inf,0.0
AXLUSDT,25m,1,1,0,1.0,0.2595717066839789,0.0,0.2595717066839789,inf,0.0
LAUSDT,15m,1,1,0,1.0,0.25926886180969694,0.0,0.25926886180969694,inf,0.0
THETAUSDT,15m,1,1,0,1.0,0.2579737335834873,0.0,0.2579737335834873,inf,0.0
PUMPUSDT,15m,1,1,0,1.0,0.25608194622279196,0.0,0.25608194622279196,inf,0.0
ZKCUSDT,25m,1,1,0,1.0,0.2551020408163267,0.0,0.2551020408163267,inf,0.0
THETAUSDT,30m,1,1,0,1.0,0.2541166903842247,0.0,0.2541166903842247,inf,0.0
STRKUSDT,30m,2,1,1,0.5,0.2525252525252539,0.0,0.2525252525252539,inf,0.0
IMXUSDT,45m,1,1,0,1.0,0.25005001000199506,0.0,0.25005001000199506,inf,0.0
BCHUSDT,1h,1,1,0,1.0,0.24955932832358665,0.0,0.24955932832358665,inf,0.0
FUNUSDT,1h,1,1,0,1.0,0.24535576586048974,0.0,0.24535576586048974,inf,0.0
BOMEUSDT,1h,1,1,0,1.0,0.2452483139178411,0.0,0.2452483139178411,inf,0.0
SAPIENUSDT,45m,1,1,0,1.0,0.2426664763400136,0.0,0.2426664763400136,inf,0.0
ERAUSDT,15m,1,1,0,1.0,0.24163568773233604,0.0,0.24163568773233604,inf,0.0
VETUSDT,15m,2,2,0,1.0,0.1188146974606462,0.0,0.2376293949212924,inf,0.0
SUSHIUSDT,15m,1,1,0,1.0,0.23739543296405047,0.0,0.23739543296405047,inf,0.0
0GUSDT,30m,1,1,0,1.0,0.23658856393592081,0.0,0.23658856393592081,inf,0.0
ATOMUSDT,15m,1,1,0,1.0,0.23056653491436485,0.0,0.23056653491436485,inf,0.0
NMRUSDT,30m,1,1,0,1.0,0.22928526249209294,0.0,0.22928526249209294,inf,0.0
ETHUSDT,1h,2,1,1,0.5,0.23733434643663018,-0.008494265223098223,0.22884008121353194,27.940538728559286,0.008494265223098235
LYNUSDT,15m,1,1,0,1.0,0.2204738025246397,0.0,0.2204738025246397,inf,0.0
SPKUSDT,30m,1,1,0,1.0,0.21935837674801262,0.0,0.21935837674801262,inf,0.0
IDUSDT,15m,1,1,0,1.0,0.21642736486486153,0.0,0.21642736486486153,inf,0.0
XPLUSDT,15m,1,1,0,1.0,0.20775623268697693,0.0,0.20775623268697693,inf,0.0
CYBERUSDT,15m,1,1,0,1.0,0.2072538860103629,0.0,0.2072538860103629,inf,0.0
MANTAUSDT,15m,1,1,0,1.0,0.2068252326783855,0.0,0.2068252326783855,inf,0.0
ENSUSDT,25m,1,1,0,1.0,0.20667726550079335,0.0,0.20667726550079335,inf,0.0
TRBUSDT,25m,1,1,0,1.0,0.20027928854917273,0.0,0.20027928854917273,inf,0.0
DYMUSDT,45m,1,1,0,1.0,0.1960784313725456,0.0,0.1960784313725456,inf,0.0
LAYERUSDT,15m,1,1,0,1.0,0.19288469781397596,0.0,0.19288469781397596,inf,0.0
NMRUSDT,15m,1,1,0,1.0,0.1902988096202146,0.0,0.1902988096202146,inf,0.0
ERAUSDT,25m,1,1,0,1.0,0.18518518518518534,0.0,0.18518518518518534,inf,0.0
TAKEUSDT,1h,1,1,0,1.0,0.1842124461953766,0.0,0.1842124461953766,inf,0.0
XLMUSDT,1h,1,1,0,1.0,0.18283531177514092,0.0,0.18283531177514092,inf,0.0
SYNUSDT,15m,1,1,0,1.0,0.18057784911717922,0.0,0.18057784911717922,inf,0.0
HAEDALUSDT,30m,1,1,0,1.0,0.17756423647377953,0.0,0.17756423647377953,inf,0.0
TIAUSDT,30m,1,1,0,1.0,0.17434891576767902,0.0,0.17434891576767902,inf,0.0
AXSUSDT,45m,1,1,0,1.0,0.17421602787456072,0.0,0.17421602787456072,inf,0.0
NEWTUSDT,1h,1,1,0,1.0,0.17156862745098192,0.0,0.17156862745098192,inf,0.0
RUNEUSDT,1h,1,1,0,1.0,0.16465422612513736,0.0,0.16465422612513736,inf,0.0
BTCUSDT,45m,1,1,0,1.0,0.1630817153560457,0.0,0.1630817153560457,inf,0.0
BTCUSDT,1h,1,1,0,1.0,0.16235230450076277,0.0,0.16235230450076277,inf,0.0
NTRNUSDT,15m,1,1,0,1.0,0.15706806282722235,0.0,0.15706806282722235,inf,0.0
REIUSDT,25m,1,1,0,1.0,0.15592515592515857,0.0,0.15592515592515857,inf,0.0
TOSHIUSDT,1h,1,1,0,1.0,0.15471892728210096,0.0,0.15471892728210096,inf,0.0
LRCUSDT,30m,1,1,0,1.0,0.15323992994746197,0.0,0.15323992994746197,inf,0.0
BTCUSDT,15m,2,1,1,0.5,0.408738987620928,-0.2569562928872186,0.15178269473370937,1.5906946003471834,0.0
BATUSDT,15m,1,1,0,1.0,0.1511487303506652,0.0,0.1511487303506652,inf,0.0
APTUSDT,30m,1,1,0,1.0,0.15088013411567675,0.0,0.15088013411567675,inf,0.0
PNUTUSDT,1h,1,1,0,1.0,0.15014263550373286,0.0,0.15014263550373286,inf,0.0
REDUSDT,15m,1,1,0,1.0,0.1462415911085114,0.0,0.1462415911085114,inf,0.0
ETCUSDT,30m,1,1,0,1.0,0.14585764294048983,0.0,0.14585764294048983,inf,0.0
CAKEUSDT,25m,1,1,0,1.0,0.1444958207362607,0.0,0.1444958207362607,inf,0.0
ATOMUSDT,30m,1,1,0,1.0,0.14322087842138603,0.0,0.14322087842138603,inf,0.0
SOONUSDT,15m,1,1,0,1.0,0.14120494889725596,0.0,0.14120494889725596,inf,0.0
XCNUSDT,1h,1,1,0,1.0,0.14018691588784477,0.0,0.14018691588784477,inf,0.0
AUSDT,15m,1,1,0,1.0,0.13947001394700537,0.0,0.13947001394700537,inf,0.0
JTOUSDT,15m,1,1,0,1.0,0.13490941796222478,0.0,0.13490941796222478,inf,0.0
YALAUSDT,1h,1,1,0,1.0,0.13250883392225915,0.0,0.13250883392225915,inf,0.0
PLUMEUSDT,1h,1,1,0,1.0,0.13231552162850393,0.0,0.13231552162850393,inf,0.0
MAVUSDT,15m,1,1,0,1.0,0.12148559527941794,0.0,0.12148559527941794,inf,0.0
IDUSDT,30m,1,1,0,1.0,0.12143563911127388,0.0,0.12143563911127388,inf,0.0
ACEUSDT,30m,1,1,0,1.0,0.11998628728145935,0.0,0.11998628728145935,inf,0.0
BNTUSDT,30m,1,1,0,1.0,0.11850347045877407,0.0,0.11850347045877407,inf,0.0
XVSUSDT,15m,1,1,0,1.0,0.1176470588235307,0.0,0.1176470588235307,inf,0.0
TAIKOUSDT,45m,1,1,0,1.0,0.11671335200746977,0.0,0.11671335200746977,inf,0.0
VELODROMEUSDT,30m,1,1,0,1.0,0.115307004900543,0.0,0.115307004900543,inf,0.0
WALUSDT,15m,1,1,0,1.0,0.11425959780621583,0.0,0.11425959780621583,inf,0.0
1000RATSUSDT,25m,1,1,0,1.0,0.11422044545973263,0.0,0.11422044545973263,inf,0.0
VOXELUSDT,1h,1,1,0,1.0,0.11392405063291114,0.0,0.11392405063291114,inf,0.0
COTIUSDT,15m,1,1,0,1.0,0.11029411764705434,0.0,0.11029411764705434,inf,0.0
PUMPUSDT,1h,1,1,0,1.0,0.10660980810234108,0.0,0.10660980810234108,inf,0.0
LTCUSDT,1h,1,1,0,1.0,0.10578957491825297,0.0,0.10578957491825297,inf,0.0
FORTHUSDT,15m,1,1,0,1.0,0.10395010395010175,0.0,0.10395010395010175,inf,0.0
CTKUSDT,15m,1,1,0,1.0,0.10384215991692444,0.0,0.10384215991692444,inf,0.0
AEVOUSDT,1h,1,1,0,1.0,0.09874233447667062,0.0,0.09874233447667062,inf,0.0
MORPHOUSDT,15m,1,1,0,1.0,0.09697150529613091,0.0,0.09697150529613091,inf,0.0
HIVEUSDT,30m,1,1,0,1.0,0.09573606303851911,0.0,0.09573606303851911,inf,0.0
MEMEUSDT,30m,2,1,1,0.5,0.15328019619865152,-0.060060060060061524,0.09322013613859,2.5521152667074856,0.0
ZECUSDT,1h,1,1,0,1.0,0.08807856608094546,0.0,0.08807856608094546,inf,0.0
PUNDIXUSDT,30m,1,1,0,1.0,0.0878220140515207,0.0,0.0878220140515207,inf,0.0
QNTUSDT,1h,1,1,0,1.0,0.08545965083628408,0.0,0.08545965083628408,inf,0.0
ALTUSDT,30m,1,1,0,1.0,0.08029978586723442,0.0,0.08029978586723442,inf,0.0
ENJUSDT,30m,1,1,0,1.0,0.078802206461766,0.0,0.078802206461766,inf,0.0
ONEUSDT,30m,1,1,0,1.0,0.07633587786259893,0.0,0.07633587786259893,inf,0.0
HOMEUSDT,1h,1,1,0,1.0,0.0746423387932849,0.0,0.0746423387932849,inf,0.0
TRXUSDT,25m,1,1,0,1.0,0.07270513839339253,0.0,0.07270513839339253,inf,0.0
DUSKUSDT,15m,1,1,0,1.0,0.07119609438568004,0.0,0.07119609438568004,inf,0.0
FLUIDUSDT,15m,1,1,0,1.0,0.06581834137779978,0.0,0.06581834137779978,inf,0.0
RIFUSDT,45m,1,1,0,1.0,0.06309944472487947,0.0,0.06309944472487947,inf,0.0
ORDIUSDT,1h,1,1,0,1.0,0.062445360309727665,0.0,0.062445360309727665,inf,0.0
KERNELUSDT,30m,1,1,0,1.0,0.06038647342995342,0.0,0.06038647342995342,inf,0.0
TRXUSDT,1h,2,1,1,0.5,0.1939556370561043,-0.13437813683903727,0.059577500217067036,1.4433570937840208,0.0
NEIROUSDT,1h,1,1,0,1.0,0.05552470849527422,0.0,0.05552470849527422,inf,0.0
KAVAUSDT,1h,1,1,0,1.0,0.05540166204986308,0.0,0.05540166204986308,inf,0.0
RUNEUSDT,30m,2,1,1,0.5,0.054884742041712446,0.0,0.054884742041712446,inf,0.0
TONUSDT,15m,1,1,0,1.0,0.052408512965409666,0.0,0.052408512965409666,inf,0.0
TRUMPUSDT,15m,1,1,0,1.0,0.04399472063352564,0.0,0.04399472063352564,inf,0.0
SUIUSDT,30m,2,1,1,0.5,0.11996251171509248,-0.08109313546608286,0.038869376249009616,1.4793177132146618,0.0
A2ZUSDT,30m,1,1,0,1.0,0.03839262861530541,0.0,0.03839262861530541,inf,0.0
BULLAUSDT,25m,1,1,0,1.0,0.038071065989841765,0.0,0.038071065989841765,inf,0.0
CETUSUSDT,15m,1,1,0,1.0,0.031191515907675448,0.0,0.031191515907675448,inf,0.0
XVSUSDT,30m,2,1,1,0.5,0.6681056634803115,-0.6398348813209614,0.028270782159350083,1.0441844966329188,0.6398348813209614
REIUSDT,15m,2,1,1,0.5,0.1312335958005196,-0.10330578512397169,0.027927810676547912,1.2703412073489713,0.10330578512397169
SSVUSDT,1h,1,1,0,1.0,0.02762430939226624,0.0,0.02762430939226624,inf,0.0
DEGENUSDT,15m,1,1,0,1.0,0.025239777889957918,0.0,0.025239777889957918,inf,0.0
JSTUSDT,1h,2,1,1,0.5,0.25661152034778933,-0.23205352299437565,0.024557997353413685,1.1058290218416935,0.23205352299437565
JASMYUSDT,15m,1,1,0,1.0,0.019849146486703707,0.0,0.019849146486703707,inf,0.0
SANDUSDT,15m,1,1,0,1.0,0.012848846173612195,0.0,0.012848846173612195,inf,0.0
DMCUSDT,15m,1,0,1,0.0,0.0,0.0,0.0,inf,0.0
1000XECUSDT,30m,1,0,1,0.0,0.0,0.0,0.0,inf,0.0
UMAUSDT,15m,1,0,1,0.0,0.0,0.0,0.0,inf,0.0
KNCUSDT,15m,1,0,1,0.0,0.0,0.0,0.0,inf,0.0
SUSDT,30m,1,0,1,0.0,0.0,0.0,0.0,inf,0.0
KERNELUSDT,15m,1,0,1,0.0,0.0,0.0,0.0,inf,0.0
PROMUSDT,1h,2,1,1,0.5,0.05862810240375442,-0.06857366771159555,-0.009945565307841131,0.85496524191079,0.06857366771159555
BTCDOMUSDT,30m,1,0,1,0.0,0.0,-0.016547289790317898,-0.016547289790317898,0.0,0.0
IPUSDT,15m,1,0,1,0.0,0.0,-0.02217786648924129,-0.02217786648924129,0.0,0.0
SUNUSDT,15m,1,0,1,0.0,0.0,-0.02772899528606646,-0.02772899528606646,0.0,0.0
SOLUSDT,30m,1,0,1,0.0,0.0,-0.030967422271768335,-0.030967422271768335,0.0,0.0
BNTUSDT,25m,1,0,1,0.0,0.0,-0.03937007874015314,-0.03937007874015314,0.0,0.0
CLOUSDT,30m,1,0,1,0.0,0.0,-0.05228302544440964,-0.05228302544440964,0.0,0.0
OPUSDT,25m,1,0,1,0.0,0.0,-0.057126535275629234,-0.057126535275629234,0.0,0.0
TRUUSDT,1h,1,0,1,0.0,0.0,-0.07291286912139695,-0.07291286912139695,0.0,0.0
LSKUSDT,15m,1,0,1,0.0,0.0,-0.08174386920980782,-0.08174386920980782,0.0,0.0
FETUSDT,15m,1,0,1,0.0,0.0,-0.08438818565400501,-0.08438818565400501,0.0,0.0
RLCUSDT,30m,2,1,1,0.5,0.19744483159117066,-0.2826267664172959,-0.08518193482612524,0.6986062717769806,0.2826267664172959
EPTUSDT,15m,1,0,1,0.0,0.0,-0.09339975093399641,-0.09339975093399641,0.0,0.0
BTCUSDT,30m,2,1,1,0.5,0.29645759319188497,-0.41109875266223306,-0.11464115947034809,0.7211347426185466,0.41109875266223306
MTLUSDT,30m,1,0,1,0.0,0.0,-0.11841326228537387,-0.11841326228537387,0.0,0.0
SQDUSDT,30m,3,2,1,0.6666666666666666,0.9126001254004847,-1.988206103180488,-0.1630058523795186,0.9180136042642854,0.0
KSMUSDT,15m,1,0,1,0.0,0.0,-0.1977428378508747,-0.1977428378508747,0.0,0.0
AUSDT,1h,3,2,1,0.6666666666666666,0.2686786010803983,-0.7429420505200738,-0.20558484835927715,0.7232827941084183,0.7429420505200738
LUMIAUSDT,15m,1,0,1,0.0,0.0,-0.20761245674740123,-0.20761245674740123,0.0,0.0
PAXGUSDT,30m,2,1,1,0.5,0.0918348679797573,-0.29971687123233726,-0.20788200325257994,0.30640540054406185,0.29971687123233726
HAEDALUSDT,15m,1,0,1,0.0,0.0,-0.25394138186435733,-0.25394138186435733,0.0,0.0
DUSKUSDT,30m,1,0,1,0.0,0.0,-0.2833158447009438,-0.2833158447009438,0.0,0.0
APEUSDT,30m,2,1,1,0.5,0.4880581516095516,-0.7889793362554756,-0.30092118464592393,0.6185943397781408,0.0
XRPUSDT,15m,1,0,1,0.0,0.0,-0.317893793603719,-0.317893793603719,0.0,0.0
HUMAUSDT,15m,2,1,1,0.5,0.2969053328765557,-0.6318589956767515,-0.33495366280019584,0.4698917557683194,0.6318589956767515
ENJUSDT,15m,1,0,1,0.0,0.0,-0.39555952532857563,-0.39555952532857563,0.0,0.0
BARDUSDT,30m,2,1,1,0.5,0.19293558919560225,-0.5895082456533107,-0.39657265645770845,0.3272822570645899,0.0
NTRNUSDT,30m,2,1,1,0.5,1.0909090909090884,-1.4900832391326757,-0.3991741482235873,0.7321128526645717,1.4900832391326757
DOGSUSDT,1h,2,1,1,0.5,0.883752549286203,-1.293283270755108,-0.4095307214689051,0.6833402776254943,0.0
GOATUSDT,15m,1,0,1,0.0,0.0,-0.4222507802459961,-0.4222507802459961,0.0,0.0
OXTUSDT,30m,1,0,1,0.0,0.0,-0.4530281354315753,-0.4530281354315753,0.0,0.0
UNIUSDT,15m,1,0,1,0.0,0.0,-0.4558969276511336,-0.4558969276511336,0.0,0.0
MEMEUSDT,15m,1,0,1,0.0,0.0,-0.46544933762978846,-0.46544933762978846,0.0,0.0
LAYERUSDT,30m,1,0,1,0.0,0.0,-0.4657828735220236,-0.4657828735220236,0.0,0.0
SFPUSDT,1h,1,0,1,0.0,0.0,-0.47791455467052424,-0.47791455467052424,0.0,0.0
FISUSDT,30m,1,0,1,0.0,0.0,-0.48532815649967276,-0.48532815649967276,0.0,0.0
JASMYUSDT,1h,1,0,1,0.0,0.0,-0.4980461267335767,-0.4980461267335767,0.0,0.0
ADAUSDT,30m,1,0,1,0.0,0.0,-0.4996876951905202,-0.4996876951905202,0.0,0.0
FUNUSDT,30m,1,0,1,0.0,0.0,-0.5000000000000019,-0.5000000000000019,0.0,0.0
SWELLUSDT,1h,1,0,1,0.0,0.0,-0.5067819347145652,-0.5067819347145652,0.0,0.0
ARKUSDT,1h,1,0,1,0.0,0.0,-0.5155444461802796,-0.5155444461802796,0.0,0.0
ONGUSDT,15m,1,0,1,0.0,0.0,-0.524573465749938,-0.524573465749938,0.0,0.0
JOEUSDT,15m,2,1,1,0.5,0.5402902130287173,-1.0712428497139919,-0.5309526366852746,0.5043582910942817,1.0712428497139919
USELESSUSDT,15m,1,0,1,0.0,0.0,-0.539036689271449,-0.539036689271449,0.0,0.0
AVAUSDT,15m,2,0,2,0.0,0.0,-0.2708256816411498,-0.5416513632822996,0.0,0.1638855780691284
BRUSDT,30m,2,1,1,0.5,0.09973914377780514,-0.6451612903225651,-0.54542214654476,0.1545956728556017,0.6451612903225651
1000BONKUSDT,15m,1,0,1,0.0,0.0,-0.5457463884430205,-0.5457463884430205,0.0,0.0
C98USDT,1h,1,0,1,0.0,0.0,-0.5477308294209752,-0.5477308294209752,0.0,0.0
AIUSDT,1h,1,0,1,0.0,0.0,-0.5576055760557606,-0.5576055760557606,0.0,0.0
AVAUSDT,30m,1,0,1,0.0,0.0,-0.5686223830447091,-0.5686223830447091,0.0,0.0
OPUSDT,15m,1,0,1,0.0,0.0,-0.5768098881695264,-0.5768098881695264,0.0,0.0
LSKUSDT,1h,4,2,2,0.5,0.23917505716182969,-0.5276662531734373,-0.5769823920232152,0.4532695728093414,0.17721518987341223
AVAUSDT,1h,3,2,1,0.6666666666666666,0.23683671431318323,-1.0748523288467018,-0.6011789002203354,0.44068698174995813,0.0
1000XECUSDT,1h,1,0,1,0.0,0.0,-0.6397774687065205,-0.6397774687065205,0.0,0.0
AUSDT,30m,1,0,1,0.0,0.0,-0.6425431180250296,-0.6425431180250296,0.0,0.0
STOUSDT,15m,1,0,1,0.0,0.0,-0.6624141315014535,-0.6624141315014535,0.0,0.0
MOVRUSDT,15m,1,0,1,0.0,0.0,-0.6965475469412518,-0.6965475469412518,0.0,0.0
HFTUSDT,15m,1,0,1,0.0,0.0,-0.6989636056881142,-0.6989636056881142,0.0,0.0
MAVUSDT,25m,1,0,1,0.0,0.0,-0.6993006993007004,-0.6993006993007004,0.0,0.0
AKTUSDT,1h,3,1,2,0.3333333333333333,1.2712592338086173,-0.9862990877062607,-0.7013389416039042,0.6444592972122992,1.842993809791784
TRUUSDT,15m,1,0,1,0.0,0.0,-0.7046070460704508,-0.7046070460704508,0.0,0.0
BNBUSDT,15m,2,1,1,0.5,0.028947948831059268,-0.7408260603236646,-0.7118781114926054,0.03907523018076875,0.7408260603236646
ALLUSDT,1h,1,0,1,0.0,0.0,-0.7226335980016054,-0.7226335980016054,0.0,0.0
RAREUSDT,30m,1,0,1,0.0,0.0,-0.7527181488709211,-0.7527181488709211,0.0,0.0
TAOUSDT,1h,1,0,1,0.0,0.0,-0.7626519194907162,-0.7626519194907162,0.0,0.0
EGLDUSDT,15m,1,0,1,0.0,0.0,-0.7755637752058168,-0.7755637752058168,0.0,0.0
INJUSDT,30m,2,1,1,0.5,0.16055807773225508,-0.9485175684543277,-0.7879594907220726,0.16927264509596288,0.0
OXTUSDT,15m,2,1,1,0.5,0.1330494944119158,-0.938392492860052,-0.8053429984481362,0.14178448295809018,0.938392492860052
GRASSUSDT,30m,1,0,1,0.0,0.0,-0.8139672053792636,-0.8139672053792636,0.0,0.0
AVAAIUSDT,1h,1,0,1,0.0,0.0,-0.8246874168662004,-0.8246874168662004,0.0,0.0
FILUSDT,15m,1,0,1,0.0,0.0,-0.8248102936324617,-0.8248102936324617,0.0,0.0
SUIUSDT,1h,2,1,1,0.5,0.6000117938436164,-1.441082802547771,-0.8410710087041547,0.41636177517545964,1.441082802547771
AAVEUSDT,15m,1,0,1,0.0,0.0,-0.8608352964487846,-0.8608352964487846,0.0,0.0
HYPEUSDT,30m,1,0,1,0.0,0.0,-0.8730331190162626,-0.8730331190162626,0.0,0.0
EGLDUSDT,1h,1,0,1,0.0,0.0,-0.8776338681616095,-0.8776338681616095,0.0,0.0
HIVEUSDT,1h,1,0,1,0.0,0.0,-0.8801783828189078,-0.8801783828189078,0.0,0.0
CHZUSDT,1h,1,0,1,0.0,0.0,-0.8819951338199471,-0.8819951338199471,0.0,0.0
RVNUSDT,15m,1,0,1,0.0,0.0,-0.8840353614144387,-0.8840353614144387,0.0,0.0
BTCDOMUSDT,15m,3,1,2,0.3333333333333333,0.051797612600952905,-0.4680783204962014,-0.88435902839145,0.05533007013232656,0.9361566409924029
BCHUSDT,15m,1,0,1,0.0,0.0,-0.9083721015758492,-0.9083721015758492,0.0,0.0
PORT3USDT,15m,2,1,1,0.5,0.12208355941399865,-1.04519358162815,-0.9231100222141513,0.11680473508440707,1.04519358162815
CTKUSDT,30m,3,2,1,0.6666666666666666,0.15909199770120733,-1.2528023209811359,-0.9346183255787213,0.2539778144354234,1.2528023209811359
SANDUSDT,30m,1,0,1,0.0,0.0,-0.9503259572123718,-0.9503259572123718,0.0,0.0
TUTUSDT,15m,1,0,1,0.0,0.0,-0.9604645968282172,-0.9604645968282172,0.0,0.0
QUICKUSDT,15m,1,0,1,0.0,0.0,-0.9864364981504342,-0.9864364981504342,0.0,0.0
BNTUSDT,1h,1,0,1,0.0,0.0,-0.9912536443148706,-0.9912536443148706,0.0,0.0
ETCUSDT,1h,1,0,1,0.0,0.0,-0.9982240186171857,-0.9982240186171857,0.0,0.0
FIDAUSDT,15m,1,0,1,0.0,0.0,-1.0111022997621006,-1.0111022997621006,0.0,0.0
OGNUSDT,1h,1,0,1,0.0,0.0,-1.0152284263959448,-1.0152284263959448,0.0,0.0
AWEUSDT,15m,1,0,1,0.0,0.0,-1.0220399082249871,-1.0220399082249871,0.0,0.0
SOLUSDT,25m,1,0,1,0.0,0.0,-1.023366877025404,-1.023366877025404,0.0,0.0
PUNDIXUSDT,15m,1,0,1,0.0,0.0,-1.0268300761841642,-1.0268300761841642,0.0,0.0
INJUSDT,1h,1,0,1,0.0,0.0,-1.0285850974763608,-1.0285850974763608,0.0,0.0
IPUSDT,1h,2,1,1,0.5,0.7282123561193361,-1.757729775518833,-1.029517419399497,0.4142914151319921,0.0
SEIUSDT,1h,1,0,1,0.0,0.0,-1.0299166257969548,-1.0299166257969548,0.0,0.0
LRCUSDT,1h,2,1,1,0.5,0.8023842274186144,-1.8340975406419362,-1.0317133132233218,0.4374817639948304,1.8340975406419362
POLYXUSDT,1h,1,0,1,0.0,0.0,-1.0386218048386124,-1.0386218048386124,0.0,0.0
CLOUSDT,25m,1,0,1,0.0,0.0,-1.0529891304347798,-1.0529891304347798,0.0,0.0
FFUSDT,1h,1,0,1,0.0,0.0,-1.0577299761387418,-1.0577299761387418,0.0,0.0
NFPUSDT,30m,2,0,2,0.0,0.0,-0.5296921477977308,-1.0593842955954615,0.0,0.8685446009389725
DRIFTUSDT,30m,2,1,1,0.5,0.239664469742362,-1.30330254333797,-1.063638073595608,0.18389012663824186,1.30330254333797
BARDUSDT,15m,2,1,1,0.5,0.1645967379919183,-1.2333769723696015,-1.0687802343776833,0.13345209265232996,1.2333769723696015
NAORISUSDT,15m,1,0,1,0.0,0.0,-1.0734220695577363,-1.0734220695577363,0.0,0.0
BLESSUSDT,15m,2,1,1,0.5,0.7887700534759361,-1.8712029161603885,-1.0824328626844524,0.42153100909785424,1.8712029161603885
QNTUSDT,30m,1,0,1,0.0,0.0,-1.085423437787442,-1.085423437787442,0.0,0.0
SAHARAUSDT,1h,1,0,1,0.0,0.0,-1.093452002542911,-1.093452002542911,0.0,0.0
TRUTHUSDT,15m,1,0,1,0.0,0.0,-1.1001100110011062,-1.1001100110011062,0.0,0.0
MITOUSDT,1h,2,1,1,0.5,0.5086713095725766,-1.6142651368400152,-1.1055938272674386,0.3151101377115285,1.6142651368400152
HUMAUSDT,30m,1,0,1,0.0,0.0,-1.1523638722478735,-1.1523638722478735,0.0,0.0
RENDERUSDT,1h,2,1,1,0.5,1.234567901234569,-2.4136650575566265,-1.1790971563220576,0.5114909781576457,0.0
TACUSDT,15m,1,0,1,0.0,0.0,-1.1871440980600314,-1.1871440980600314,0.0,0.0
CHESSUSDT,1h,1,0,1,0.0,0.0,-1.2279226240538175,-1.2279226240538175,0.0,0.0
PROMUSDT,30m,1,0,1,0.0,0.0,-1.2327161940473312,-1.2327161940473312,0.0,0.0
XAIUSDT,15m,1,0,1,0.0,0.0,-1.2357414448669193,-1.2357414448669193,0.0,0.0
IOSTUSDT,15m,1,0,1,0.0,0.0,-1.244614648157012,-1.244614648157012,0.0,0.0
JUPUSDT,30m,1,0,1,0.0,0.0,-1.249270286047861,-1.249270286047861,0.0,0.0
AIUSDT,30m,1,0,1,0.0,0.0,-1.274011485906652,-1.274011485906652,0.0,0.0
SYSUSDT,30m,1,0,1,0.0,0.0,-1.2793914246196363,-1.2793914246196363,0.0,0.0
MOVEUSDT,15m,1,0,1,0.0,0.0,-1.3009817224040277,-1.3009817224040277,0.0,0.0
1000SHIBUSDT,30m,2,1,1,0.5,0.28677946659019704,-1.6006999845591576,-1.3139205179689606,0.17915878637880903,0.0
JOEUSDT,1h,1,0,1,0.0,0.0,-1.3462026924053798,-1.3462026924053798,0.0,0.0
KAVAUSDT,25m,1,0,1,0.0,0.0,-1.351351351351346,-1.351351351351346,0.0,0.0
REIUSDT,30m,1,0,1,0.0,0.0,-1.3643254168772252,-1.3643254168772252,0.0,0.0
BRETTUSDT,30m,1,0,1,0.0,0.0,-1.3791929167376098,-1.3791929167376098,0.0,0.0
ROSEUSDT,45m,2,1,1,0.5,0.595984943538266,-1.9880088355948098,-1.3920238920565438,0.29978988667821893,1.9880088355948098
ZKCUSDT,1h,1,0,1,0.0,0.0,-1.4170040485829944,-1.4170040485829944,0.0,0.0
CARVUSDT,45m,1,0,1,0.0,0.0,-1.4420410427065953,-1.4420410427065953,0.0,0.0
USUALUSDT,15m,1,0,1,0.0,0.0,-1.4716439339554814,-1.4716439339554814,0.0,0.0
PEOPLEUSDT,1h,2,1,1,0.5,0.6976744186046551,-2.1816739389131237,-1.4839995203084686,0.31978858350951644,0.0
ZORAUSDT,30m,1,0,1,0.0,0.0,-1.4880952380952364,-1.4880952380952364,0.0,0.0
ENAUSDT,30m,2,1,1,0.5,0.6701253782965827,-2.1716409243990302,-1.5015155461024476,0.30858019425197103,0.0
ONDOUSDT,15m,2,0,2,0.0,0.0,-0.7664940800887262,-1.5329881601774524,0.0,1.2658227848101147
MASKUSDT,30m,2,0,2,0.0,0.0,-0.7681142748974579,-1.5362285497949157,0.0,0.7559461618831035
PROMUSDT,15m,1,0,1,0.0,0.0,-1.5640889061062437,-1.5640889061062437,0.0,0.0
PUNDIXUSDT,1h,2,1,1,0.5,0.33478406427854057,-1.9251839098450425,-1.5903998455665018,0.17389718590858536,0.0
REZUSDT,45m,1,0,1,0.0,0.0,-1.591043017088977,-1.591043017088977,0.0,0.0
FORMUSDT,15m,1,0,1,0.0,0.0,-1.5986537652503148,-1.5986537652503148,0.0,0.0
JASMYUSDT,30m,1,0,1,0.0,0.0,-1.6073888860539842,-1.6073888860539842,0.0,0.0
RIFUSDT,25m,1,0,1,0.0,0.0,-1.6235874788933642,-1.6235874788933642,0.0,0.0
ORDIUSDT,30m,1,0,1,0.0,0.0,-1.6450216450216562,-1.6450216450216562,0.0,0.0
TREEUSDT,1h,1,0,1,0.0,0.0,-1.6458457267499453,-1.6458457267499453,0.0,0.0
LINEAUSDT,30m,1,0,1,0.0,0.0,-1.6666666666666656,-1.6666666666666656,0.0,0.0
KAIAUSDT,45m,1,0,1,0.0,0.0,-1.6703786191536611,-1.6703786191536611,0.0,0.0
FISUSDT,1h,1,0,1,0.0,0.0,-1.6750108164905235,-1.6750108164905235,0.0,0.0
TAUSDT,1h,1,0,1,0.0,0.0,-1.6772927905836226,-1.6772927905836226,0.0,0.0
BMTUSDT,1h,1,0,1,0.0,0.0,-1.6928802977548427,-1.6928802977548427,0.0,0.0
PIXELUSDT,15m,2,0,2,0.0,0.0,-0.8633097627737252,-1.7266195255474504,0.0,1.1718749999999973
QUSDT,15m,1,0,1,0.0,0.0,-1.7336036631204972,-1.7336036631204972,0.0,0.0
SCRUSDT,1h,2,1,1,0.5,0.9390472938364264,-2.6989134244654696,-1.7598661306290433,0.3479353154954974,2.6989134244654696
MITOUSDT,15m,2,1,1,0.5,0.10521652453206869,-1.9192144610577988,-1.8139979365257302,0.05482270307304651,1.9192144610577988
CUSDT,45m,1,0,1,0.0,0.0,-1.8159745055389662,-1.8159745055389662,0.0,0.0
OGUSDT,45m,1,0,1,0.0,0.0,-1.8248984115256734,-1.8248984115256734,0.0,0.0
BANUSDT,30m,4,1,3,0.25,0.08321985171735435,-0.6526981449118291,-1.8748745830181333,0.042500428090229594,1.9580944347354876
TUSDT,1h,1,0,1,0.0,0.0,-1.8897637795275504,-1.8897637795275504,0.0,0.0
GHSTUSDT,30m,1,0,1,0.0,0.0,-1.901769472465678,-1.901769472465678,0.0,0.0
MERLUSDT,15m,1,0,1,0.0,0.0,-1.9207258220191672,-1.9207258220191672,0.0,0.0
HBARUSDT,30m,2,0,2,0.0,0.0,-0.9671001734449259,-1.9342003468898519,0.0,0.841718531516469
COMPUSDT,1h,1,0,1,0.0,0.0,-1.9414820891441094,-1.9414820891441094,0.0,0.0
CUSDT,15m,2,0,2,0.0,0.0,-1.0141940446291065,-2.028388089258213,0.0,0.5418879375745249
RDNTUSDT,1h,1,0,1,0.0,0.0,-2.0417028670721034,-2.0417028670721034,0.0,0.0
1000SHIBUSDT,1h,3,1,2,0.3333333333333333,0.03930817610063414,-1.0511590277644192,-2.063009879428204,0.018697540078323766,0.530371259881927
SXTUSDT,1h,1,0,1,0.0,0.0,-2.0805369127516746,-2.0805369127516746,0.0,0.0
AVAXUSDT,1h,2,0,2,0.0,0.0,-1.044425763190951,-2.088851526381902,0.0,0.6230981017243771
MOCAUSDT,25m,1,0,1,0.0,0.0,-2.1032504780114674,-2.1032504780114674,0.0,0.0
CFXUSDT,1h,2,0,2,0.0,0.0,-1.1064811029887216,-2.212962205977443,0.0,1.0203606206028968
SHELLUSDT,15m,1,0,1,0.0,0.0,-2.279569892473106,-2.279569892473106,0.0,0.0
PUFFERUSDT,30m,1,0,1,0.0,0.0,-2.351467928203697,-2.351467928203697,0.0,0.0
BANANAUSDT,1h,3,1,2,0.3333333333333333,0.924065889915634,-1.6481253623814567,-2.372184834847279,0.28033847151663455,1.6036527646305687
PERPUSDT,1h,1,0,1,0.0,0.0,-2.375886524822709,-2.375886524822709,0.0,0.0
BASUSDT,15m,1,0,1,0.0,0.0,-2.406311637080852,-2.406311637080852,0.0,0.0
FUSDT,25m,2,1,1,0.5,0.16956521739130045,-2.656554712892752,-2.4869894955014513,0.06382899496418014,2.656554712892752
VANRYUSDT,1h,1,0,1,0.0,0.0,-2.5047131699434244,-2.5047131699434244,0.0,0.0
MAVUSDT,1h,1,0,1,0.0,0.0,-2.555529018390248,-2.555529018390248,0.0,0.0
SWELLUSDT,25m,1,0,1,0.0,0.0,-2.5657681065281053,-2.5657681065281053,0.0,0.0
1000RATSUSDT,30m,3,1,2,0.3333333333333333,0.07132667617689221,-1.3204609224388484,-2.5695951687008045,0.0270082495304572,2.6229038268596794
ILVUSDT,1h,2,1,1,0.5,0.5937234944868545,-3.3310405817038458,-2.7373170872169914,0.1782396461177791,3.3310405817038458
BELUSDT,15m,1,0,1,0.0,0.0,-2.7815777473780186,-2.7815777473780186,0.0,0.0
TUTUSDT,30m,2,1,1,0.5,0.07688364941055556,-2.8681742967457233,-2.7912906473351677,0.0268057800733341,2.8681742967457233
BANANAUSDT,25m,1,0,1,0.0,0.0,-2.912113765880703,-2.912113765880703,0.0,0.0
OPENUSDT,25m,1,0,1,0.0,0.0,-3.0281813408016585,-3.0281813408016585,0.0,0.0
BLUAIUSDT,15m,1,0,1,0.0,0.0,-3.0598836117889987,-3.0598836117889987,0.0,0.0
BANANAS31USDT,1h,1,0,1,0.0,0.0,-3.0790960451977445,-3.0790960451977445,0.0,0.0
FUNUSDT,25m,1,0,1,0.0,0.0,-3.1728901359809965,-3.1728901359809965,0.0,0.0
BIOUSDT,30m,1,0,1,0.0,0.0,-3.204901614233534,-3.204901614233534,0.0,0.0
SCRUSDT,15m,1,0,1,0.0,0.0,-3.2429245283018897,-3.2429245283018897,0.0,0.0
PONKEUSDT,15m,2,0,2,0.0,0.0,-1.654011614263045,-3.30802322852609,0.0,1.8302828618968363
BLESSUSDT,45m,1,0,1,0.0,0.0,-3.360677427890995,-3.360677427890995,0.0,0.0
SOONUSDT,1h,1,0,1,0.0,0.0,-3.5103027048795226,-3.5103027048795226,0.0,0.0
TAGUSDT,1h,1,0,1,0.0,0.0,-3.5449490268767487,-3.5449490268767487,0.0,0.0
SOPHUSDT,1h,2,1,1,0.5,0.9061367329083893,-4.638393909792176,-3.7322571768837864,0.1953557094397334,0.0
KITEUSDT,15m,2,1,1,0.5,0.27991602519244707,-4.019921736037009,-3.740005710844562,0.06963220768282889,0.0
BROCCOLI714USDT,30m,2,1,1,0.5,0.3576903423607594,-4.235055724417429,-3.8773653820566696,0.08445941816030367,0.0
BASUSDT,1h,1,0,1,0.0,0.0,-3.9379474940334176,-3.9379474940334176,0.0,0.0
QUSDT,1h,1,0,1,0.0,0.0,-3.9600696896925136,-3.9600696896925136,0.0,0.0
BRETTUSDT,1h,1,0,1,0.0,0.0,-4.119711804914101,-4.119711804914101,0.0,0.0
KITEUSDT,25m,1,0,1,0.0,0.0,-4.1767296490979,-4.1767296490979,0.0,0.0
RENDERUSDT,25m,1,0,1,0.0,0.0,-4.185022026431722,-4.185022026431722,0.0,0.0
INUSDT,1h,3,2,1,0.6666666666666666,2.2785363312178895,-8.85871446705389,-4.301641804618111,0.514416925772223,8.85871446705389
BICOUSDT,1h,1,0,1,0.0,0.0,-4.916652635123757,-4.916652635123757,0.0,0.0
MYXUSDT,1h,1,0,1,0.0,0.0,-4.968004653868524,-4.968004653868524,0.0,0.0
RECALLUSDT,30m,1,0,1,0.0,0.0,-5.0375160738586,-5.0375160738586,0.0,0.0
KDAUSDT,15m,2,0,2,0.0,0.0,-2.562678381703408,-5.125356763406816,0.0,4.021139705882356
SOMIUSDT,1h,2,0,2,0.0,0.0,-2.6477621061949446,-5.295524212389889,0.0,3.4069043576683544
HANAUSDT,1h,1,0,1,0.0,0.0,-6.08907061553763,-6.08907061553763,0.0,0.0
KAITOUSDT,1h,1,0,1,0.0,0.0,-7.430076151163621,-7.430076151163621,0.0,0.0
XVGUSDT,45m,1,0,1,0.0,0.0,-8.352964932355112,-8.352964932355112,0.0,0.0
UBUSDT,1h,1,0,1,0.0,0.0,-9.336680263570758,-9.336680263570758,0.0,0.0
BDXNUSDT,1h,1,0,1,0.0,0.0,-9.730458221024264,-9.730458221024264,0.0,0.0
